<?xml version="1.0" encoding="UTF-8" standalone="yes"?>
<modbusMachineAdapterConfig>
    <name>Onsite monitor modbus nodes</name>
    <description>Onsite monitor modbus nodes</description>
 
    <dataNodeConfigs>
       <channel protocol="TCP_IP" tcpIpAddress="127.0.0.1" tcpIpPort="502">
            <unit id="1">
                        <register name="Compressor-2016:CompressionRatio" dataType="SHORT" address="30001" registerType="INPUT" description="pressure ratio" />
                        <register name="Compressor-2016:DischargePressure" dataType="SHORT" address="30002" registerType="INPUT" description="discharge pressure" />
                        <register name="Compressor-2016:SuctionPressure" dataType="SHORT" address="30003" registerType="INPUT" description="suction pressure" />
                        <register name="Compressor-2016:MaximumPressure" dataType="SHORT" address="30004" registerType="INPUT" description="maximum pressure" />
                        <register name="Compressor-2016:MinimumPressure" dataType="SHORT" address="30005" registerType="INPUT" description="minimum pressure" />
                        <register name="Compressor-2016:Velocity" dataType="SHORT" address="30006" registerType="INPUT" description="velocity" />
                        <register name="Compressor-2016:Temperature" dataType="SHORT" address="30007" registerType="INPUT" description="temperature" />
            </unit>
        </channel>

<!-- REMOVE THIS LINE FOR SERIAL
        <channel protocol="SERIAL" encoding="RTU" portName="COM1" baudRate="9600" parity="NONE">
            <unit id="3">
                <register name="Node-3-1" dataType="INTEGER" address="30" registerType="HOLDING" description="temperature"/>
                <register name="Node-3-2" dataType="INTEGER" address="31" registerType="HOLDING" description="pressure"/>
            </unit>
            <unit id="4">
                <register name="Node-4-1" dataType="INTEGER" address="40" registerType="INPUT" description="temperature"/>
                <register name="Node-4-2" dataType="INTEGER" address="41" registerType="INPUT" description="pressure"/>
            </unit>
        </channel>
REMOVE THIS LINE -->
    </dataNodeConfigs>
 
 	<!-- Both updateInterval and startPointOffset are in seconds. If startPointOffset == -1, it will start immediately -->
    <dataSubscriptionConfigs>
        <dataSubscriptionConfig name="Temperature_Subscription" updateInterval="5" startPointUnit="MINUTES" startPointOffset="-1">
                    <nodeName>Compressor-2016:CompressionRatio</nodeName>
                    <nodeName>Compressor-2016:DischargePressure</nodeName>
                    <nodeName>Compressor-2016:SuctionPressure</nodeName>
                    <nodeName>Compressor-2016:MaximumPressure</nodeName>
                    <nodeName>Compressor-2016:MinimumPressure</nodeName>
                    <nodeName>Compressor-2016:Velocity</nodeName>
                    <nodeName>Compressor-2016:Temperature</nodeName>
        </dataSubscriptionConfig>
<!-- REMOVE THIS LINE FOR SERIAL
        <dataSubscriptionConfig name="Pressure_Subscription" updateInterval="3600" startPointUnit="HOURS" startPointOffset="600">
            <nodeName>Node-3-2</nodeName>
            <nodeName>Node-4-2</nodeName>
        </dataSubscriptionConfig>
REMOVE THIS LINE -->
    </dataSubscriptionConfigs>
 
 </modbusMachineAdapterConfig>