<?xml version="1.0" encoding="UTF-8" standalone="yes"?>
<modbusMachineAdapterConfig>
    <name>Onsite monitor modbus nodes</name>
    <description>Onsite monitor modbus nodes</description>
 
    <dataNodeConfigs>
       <channel protocol="TCP_IP" tcpIpAddress="169.254.224.117" tcpIpPort="502">
            <unit id="1">
                        <register name="Pi3temp" dataType="SHORT" address="100" registerType="HOLDING" description="pitemp" />
                        <register name="Pi3humi" dataType="SHORT" address="200" registerType="HOLDING" description="pihumi" />
            </unit>
        </channel>

<!-- REMOVE THIS LINE FOR SERIAL
        <channel protocol="SERIAL" encoding="RTU" portName="COM1" baudRate="9600" parity="NONE">
            <unit id="3">
                <register name="Node-3-1" dataType="INTEGER" address="30" registerType="HOLDING" description="temperature"/>
                <register name="Node-3-2" dataType="INTEGER" address="31" registerType="HOLDING" description="pressure"/>
            </unit>
            <unit id="4">
                <register name="Node-4-1" dataType="INTEGER" address="40" registerType="INPUT" description="temperature"/>
                <register name="Node-4-2" dataType="INTEGER" address="41" registerType="INPUT" description="pressure"/>
            </unit>
        </channel>
REMOVE THIS LINE -->
    </dataNodeConfigs>
 
 	<!-- Both updateInterval and startPointOffset are in seconds. If startPointOffset == -1, it will start immediately -->
    <dataSubscriptionConfigs>
        <dataSubscriptionConfig name="Pi sensor" updateInterval="5" startPointUnit="MINUTES" startPointOffset="-1">
                    <nodeName>Pi3temp</nodeName>
                    <nodeName>Pi3humi</nodeName>
        </dataSubscriptionConfig>
<!-- REMOVE THIS LINE FOR SERIAL
        <dataSubscriptionConfig name="Pressure_Subscription" updateInterval="3600" startPointUnit="HOURS" startPointOffset="600">
            <nodeName>Node-3-2</nodeName>
            <nodeName>Node-4-2</nodeName>
        </dataSubscriptionConfig>
REMOVE THIS LINE -->
    </dataSubscriptionConfigs>
 
 </modbusMachineAdapterConfig>