<?xml version="1.0" encoding="UTF-8" standalone="yes"?>
<OPCUAMachineAdapterConfig>
	<OPCUAClientConfig>
		<AppName>PredixMachine_OPCUAAdapter</AppName>
<!-- CHANGE The ServerURI -->
		<ServerUri>opc.tcp://127.0.0.1:49320</ServerUri>
		<AppUri>urn:localhost:UA:PredixMachine_OPCUAAdapter</AppUri>
		<ProductUri>urn:ge.com:UA:PredixMachine_OPCUAAdapter</ProductUri>
	</OPCUAClientConfig>
	<DataNodeConfigs>
         <DataNode>
                 <Name>CompressionRatio</Name>
                 <StringId>2:Simulation Examples.Functions.Sine1</StringId>
         </DataNode>
         <DataNode>
                 <Name>Compressor-Temperature</Name>
                 <StringId>2:Simulation Examples.Functions.Sine2</StringId>
         </DataNode>
         <DataNode>
                 <Name>T101-F101-Flowmeter</Name>
                 <StringId>2:Simulation Examples.Functions.Random1</StringId>
         </DataNode>
	</DataNodeConfigs>
	<DataSubscriptionConfigs>
        <DataSubscriptionConfig>
                <Name>OPCUA_Subscription_1</Name>    
                <PublishingInterval>5000</PublishingInterval>
                <DataChangeFilter trigger="StatusValue" deadbandType="Absolute" deadbandValue="1.0"/>
                <DataNode>
                        <Name>CompressionRatio</Name>
		                <DataChangeFilter trigger="StatusValue" deadbandType="Absolute" deadbandValue="2.0"/>
                </DataNode>
                <DataNode>
                        <Name>Compressor-Temperature</Name>
                </DataNode>
        </DataSubscriptionConfig>
        <DataSubscriptionConfig>
                <Name>OPCUA_Subscription_2</Name>
                <PublishingInterval>3000</PublishingInterval>
                <DataNode>
                        <Name>T101-F101-Flowmeter</Name>
                </DataNode>
        </DataSubscriptionConfig>
	</DataSubscriptionConfigs>
</OPCUAMachineAdapterConfig>